type,text,proper_or_common,salience,num_mentions,mentions
OTHER,registration,COMMON,0.76449543,15,"education, education, education, education, education, education, education, development, education, wonder, education, education, registration, part, education"
PERSON,students,COMMON,0.020346662,8,"students, students, students, students, students, students, students, students"
PERSON,students,COMMON,0.019538652,8,"students, students, students, students, students, students, students, students"
PERSON,others,COMMON,0.0027741597,1,others
OTHER,education,COMMON,0.002581157,1,education
OTHER,nothing,COMMON,0.0021894376,2,"nothing, nothing"
OTHER,society,COMMON,0.0020945726,4,"society, society, society, society"
OTHER,view,COMMON,0.0018473523,1,view
ORGANIZATION,institutions,COMMON,0.001807595,2,"institutions, institutions"
OTHER,things,COMMON,0.0017215005,1,things
OTHER,way,COMMON,0.0016083828,2,"way, way"
OTHER,measures,COMMON,0.0014432132,1,measures
OTHER,degree program,COMMON,0.0014173316,1,degree program
OTHER,engagement,COMMON,0.0012885892,4,"engagement, engagement, engagement, engagement"
OTHER,purpose,COMMON,0.001246637,2,"purpose, purpose"
OTHER,values,COMMON,0.0012359952,2,"values, values"
PERSON,personnel,COMMON,0.0012318012,1,personnel
WORK_OF_ART,bill,COMMON,0.0011560216,1,bill
OTHER,appeal,COMMON,0.0010429968,1,appeal
PERSON,guys,COMMON,0.0010344203,2,"guys, guys"
OTHER,beliefs,COMMON,0.00097029575,2,"beliefs, beliefs"
OTHER,example,COMMON,0.00094917865,1,example
ORGANIZATION,universities,COMMON,0.0008953104,1,universities
OTHER,bomb success,COMMON,0.0008678795,1,bomb success
OTHER,student success,COMMON,0.0008678795,1,student success
OTHER,success,COMMON,0.0008678795,1,success
PERSON,students,COMMON,0.00086531235,1,students
OTHER,service,COMMON,0.00085325656,3,"service, service, service"
OTHER,examples,COMMON,0.00083029916,2,"examples, examples"
OTHER,problems,COMMON,0.00080488063,1,problems
OTHER,resource,COMMON,0.00080205116,2,"thing, resource"
PERSON,boy,COMMON,0.0007925106,1,boy
OTHER,life,COMMON,0.0007760194,2,"life, life"
OTHER,college,COMMON,0.0007622941,1,college
OTHER,college,COMMON,0.0007622941,1,college
OTHER,work,COMMON,0.0007552024,1,work
OTHER,responsibility,COMMON,0.0007444134,1,responsibility
OTHER,kinds,COMMON,0.00072790077,1,kinds
OTHER,terms,COMMON,0.00071488775,1,terms
OTHER,terms,COMMON,0.00071488775,1,terms
OTHER,terms,COMMON,0.00071488775,1,terms
OTHER,terms,COMMON,0.00071488775,1,terms
CONSUMER_GOOD,hand in hand,COMMON,0.0007073856,1,hand in hand
OTHER,evidence,COMMON,0.00068384287,1,evidence
OTHER,policies,COMMON,0.000682318,1,policies
OTHER,management thing,COMMON,0.000674375,1,management thing
OTHER,much,COMMON,0.0006596499,1,much
OTHER,kind,COMMON,0.0006596499,1,kind
OTHER,kind,COMMON,0.0006596499,1,kind
OTHER,kind,COMMON,0.0006596499,1,kind
OTHER,job,COMMON,0.0006433751,1,job
OTHER,sense,COMMON,0.00062789995,1,sense
OTHER,courses,COMMON,0.00062789995,1,courses
OTHER,preoccupation,COMMON,0.0006131691,1,preoccupation
ORGANIZATION,party,COMMON,0.000592313,1,party
OTHER,most,COMMON,0.00059160433,2,"most, most"
LOCATION,world,COMMON,0.0005784164,1,world
OTHER,admissions,COMMON,0.0005746377,3,"admissions, admissions, admissions"
OTHER,education,COMMON,0.00057455944,2,"education, mission"
OTHER,graduate school,COMMON,0.0005726742,1,graduate school
OTHER,society,COMMON,0.0005725135,1,society
OTHER,thing,COMMON,0.00055589847,2,"thing, thing"
PERSON,students,COMMON,0.0005530655,1,students
PERSON,students,COMMON,0.00054323475,1,students
OTHER,level,COMMON,0.0005284173,1,level
OTHER,cases,COMMON,0.0005284173,1,cases
LOCATION,american,PROPER,0.0005265217,7,"american, american, american, american, american, american, america"
OTHER,desire,COMMON,0.0005223352,2,"desire, desire"
OTHER,excellence,COMMON,0.0005198904,3,"excellence, excellence, excellence"
OTHER,rhetoric,COMMON,0.00051733485,1,rhetoric
OTHER,light,COMMON,0.0005029796,1,light
OTHER,job,COMMON,0.0005029796,1,job
OTHER,society,COMMON,0.00047127,2,"society, society"
OTHER,college,COMMON,0.00046357067,2,"college, college"
OTHER,mission,COMMON,0.00045838562,2,"mission, mission"
PERSON,everybody,COMMON,0.00044176198,1,everybody
EVENT,graduate school war,COMMON,0.00044176198,1,graduate school war
OTHER,education,COMMON,0.00043333197,1,education
OTHER,education,COMMON,0.00043333197,1,education
OTHER,education,COMMON,0.00043333197,1,education
PERSON,captains,COMMON,0.00043156167,1,captains
PERSON,students,COMMON,0.00042840038,2,"students, students"
OTHER,all,COMMON,0.00042802838,1,all
PERSON,police,COMMON,0.000426402,1,police
OTHER,society,COMMON,0.00042343955,2,"society, society"
OTHER,education,COMMON,0.00041761936,1,education
OTHER,success,COMMON,0.0004162715,1,success
PERSON,successor,COMMON,0.00041419873,1,successor
OTHER,success,COMMON,0.00041419873,1,success
OTHER,success,COMMON,0.00041419873,1,success
OTHER,conception,COMMON,0.00041128692,2,"conception, conception"
OTHER,views,COMMON,0.00040987876,1,views
OTHER,honors,COMMON,0.00040289905,1,honors
LOCATION,backyard,COMMON,0.00040289905,1,backyard
OTHER,honoree,COMMON,0.00040289905,1,honoree
OTHER,student success,COMMON,0.0003953197,1,student success
OTHER,beliefs,COMMON,0.00038842912,1,beliefs
OTHER,beliefs,COMMON,0.00038842912,1,beliefs
OTHER,problem,COMMON,0.00038842912,1,problem
OTHER,problems,COMMON,0.00038842912,1,problems
OTHER,problems,COMMON,0.00038842912,1,problems
OTHER,problems,COMMON,0.00038842912,1,problems
OTHER,problem,COMMON,0.00038842912,1,problem
OTHER,beliefs,COMMON,0.00038842912,1,beliefs
OTHER,beliefs,COMMON,0.00038705577,1,beliefs
OTHER,news,COMMON,0.0003857065,1,news
OTHER,systems,COMMON,0.0003755327,1,systems
OTHER,problems,COMMON,0.0003720395,1,problems
OTHER,society,COMMON,0.00036899498,1,society
OTHER,society,COMMON,0.00036899498,1,society
OTHER,society,COMMON,0.0003676903,1,society
OTHER,society,COMMON,0.0003676903,1,society
OTHER,society,COMMON,0.0003676903,1,society
OTHER,society,COMMON,0.0003676903,1,society
OTHER,post college,COMMON,0.00036560206,1,post college
ORGANIZATION,colleges,COMMON,0.00036560206,1,colleges
OTHER,higher education system,COMMON,0.00036378147,1,higher education system
PERSON,colleagues,COMMON,0.00036249522,1,colleagues
OTHER,conception,COMMON,0.00036019788,1,conception
ORGANIZATION,university,COMMON,0.00035796323,1,university
OTHER,fix,COMMON,0.00035385657,1,fix
EVENT,battle,COMMON,0.00035385657,1,battle
CONSUMER_GOOD,beer,COMMON,0.00035385657,1,beer
PERSON,pope,COMMON,0.00035385657,1,pope
OTHER,grade point average,COMMON,0.00035385657,1,grade point average
OTHER,look,COMMON,0.00035385657,1,look
OTHER,laws bankruptcy,COMMON,0.00035385657,1,laws bankruptcy
OTHER,entry,COMMON,0.00035385657,1,entry
OTHER,earnings,COMMON,0.00035385657,1,earnings
OTHER,higher education community,COMMON,0.00035284983,1,higher education community
PERSON,students,COMMON,0.0003518183,1,students
LOCATION,states,COMMON,0.00034884043,1,states
OTHER,politics,COMMON,0.00034884043,1,politics
OTHER,belief system,COMMON,0.00034719938,1,belief system
OTHER,responsibility,COMMON,0.00034619044,2,"responsibility, responsibility"
OTHER,ivory tower concept,COMMON,0.00034418592,1,ivory tower concept
PERSON,one,COMMON,0.00034285456,1,one
LOCATION,cities,COMMON,0.00034285456,1,cities
PERSON,one,COMMON,0.00034114718,1,one
OTHER,mission,COMMON,0.0003403175,1,mission
OTHER,more,COMMON,0.0003349616,1,more
OTHER,measures,COMMON,0.0003341682,1,measures
OTHER,beliefs,COMMON,0.00033097758,1,beliefs
PERSON,students,COMMON,0.00033031573,1,students
OTHER,system,COMMON,0.00033027757,1,system
OTHER,issue,COMMON,0.0003285234,1,issue
OTHER,terms,COMMON,0.00032675176,1,terms
OTHER,things,COMMON,0.00032341605,1,things
OTHER,things,COMMON,0.00032341605,1,things
OTHER,labor market,COMMON,0.00032202774,2,"labor market, labor market"
OTHER,qualities,COMMON,0.000320782,1,qualities
OTHER,some,COMMON,0.00032066755,1,some
PERSON,people,COMMON,0.000316351,1,people
OTHER,efforts,COMMON,0.0003147241,2,"efforts, efforts"
PERSON,people,COMMON,0.00031366255,1,people
OTHER,life,COMMON,0.00031357998,2,"life, life"
OTHER,autonomy,COMMON,0.00031357288,2,"autonomy, tool"
OTHER,way,COMMON,0.00030893396,1,way
ORGANIZATION,public school system,COMMON,0.0003077131,1,public school system
OTHER,sense,COMMON,0.00030707446,2,"sense, sense"
PERSON,graduates,COMMON,0.00030324902,1,graduates
OTHER,sense,COMMON,0.00030111807,1,sense
OTHER,effectiveness,COMMON,0.00030111807,1,effectiveness
OTHER,conception,COMMON,0.00030058782,1,conception
OTHER,part,COMMON,0.00030057787,1,part
OTHER,court,COMMON,0.000298559,1,court
OTHER,quality,COMMON,0.00029284577,1,quality
OTHER,views,COMMON,0.00029035698,1,views
PERSON,student,COMMON,0.00028991303,1,student
OTHER,sort,COMMON,0.00028959924,1,sort
OTHER,question,COMMON,0.00028959924,1,question
OTHER,life,COMMON,0.0002891567,2,"life, kind"
ORGANIZATION,government,COMMON,0.00028404497,1,government
OTHER,democracy,COMMON,0.00028404497,1,democracy
ORGANIZATION,government,COMMON,0.00028404497,1,government
PERSON,leaders,COMMON,0.00027462348,1,leaders
OTHER,fact,COMMON,0.00027462348,1,fact
OTHER,mass media,COMMON,0.00027462348,1,mass media
PERSON,leaders,COMMON,0.00027325578,1,leaders
PERSON,leader,COMMON,0.0002722895,1,leader
OTHER,practices,COMMON,0.0002722895,1,practices
ORGANIZATION,institutions,COMMON,0.00026997796,1,institutions
PERSON,patients,COMMON,0.00026881273,1,patients
OTHER,education,COMMON,0.00026639452,2,"education, education"
OTHER,measures,COMMON,0.0002644605,1,measures
OTHER,role,COMMON,0.0002631434,1,role
OTHER,purpose,COMMON,0.0002631434,1,purpose
OTHER,role,COMMON,0.0002631434,1,role
OTHER,role,COMMON,0.00026221285,1,role
OTHER,things,COMMON,0.00025812667,1,things
OTHER,engagement,COMMON,0.00025339265,1,engagement
OTHER,education,COMMON,0.00025329491,1,education
OTHER,definition,COMMON,0.00025259316,2,"definition, success"
OTHER,level,COMMON,0.00025213062,1,level
OTHER,number,COMMON,0.00025123902,1,number
OTHER,evidence,COMMON,0.00024800678,1,evidence
PERSON,others,COMMON,0.00024573258,3,"others, others, others"
PERSON,student,COMMON,0.00024549596,1,student
OTHER,creature,COMMON,0.00024503726,1,creature
OTHER,race relations,COMMON,0.00024119031,1,race relations
OTHER,change,COMMON,0.00023998905,1,change
OTHER,relationship,COMMON,0.00023914037,1,relationship
OTHER,relationship,COMMON,0.00023914037,1,relationship
PERSON,faculty,COMMON,0.00023914037,1,faculty
OTHER,opportunity,COMMON,0.0002381271,2,"opportunity, opportunity"
OTHER,sense,COMMON,0.0002371156,1,sense
OTHER,promise,COMMON,0.00023238016,1,promise
OTHER,technique,COMMON,0.00023199304,1,technique
OTHER,truth,COMMON,0.00023040509,1,truth
OTHER,experience,COMMON,0.0002299033,1,experience
OTHER,concept,COMMON,0.00022976386,1,concept
OTHER,beliefs,COMMON,0.00022961872,1,beliefs
PERSON,patients,COMMON,0.000229425,1,patients
OTHER,college,COMMON,0.00022780534,1,college
OTHER,generation,COMMON,0.00022751404,1,generation
OTHER,generation,COMMON,0.00022638089,1,generation
OTHER,matters,COMMON,0.00022558031,1,matters
LOCATION,world,COMMON,0.00022558031,1,world
LOCATION,ivory tower,COMMON,0.00022479978,1,ivory tower
OTHER,content,COMMON,0.00022447406,1,content
ORGANIZATION,groups,COMMON,0.00022445226,1,groups
OTHER,activity,COMMON,0.00022197905,1,activity
PERSON,character,COMMON,0.00021641568,1,character
OTHER,another,COMMON,0.00021550701,2,"another, kind"
OTHER,issue,COMMON,0.00021541296,1,issue
OTHER,collection,COMMON,0.00021514867,1,collection
OTHER,resources,COMMON,0.0002121049,1,resources
WORK_OF_ART,review,COMMON,0.00021182622,1,review
OTHER,materialism,COMMON,0.00021182622,1,materialism
OTHER,professions,COMMON,0.00021182622,1,professions
OTHER,government business,COMMON,0.00021182622,1,government business
OTHER,capacity,COMMON,0.00021182622,1,capacity
LOCATION,areas,COMMON,0.00021077116,1,areas
OTHER,words,COMMON,0.00021077116,1,words
OTHER,distractions,COMMON,0.00021002578,1,distractions
PERSON,one,COMMON,0.0002097966,1,one
LOCATION,haiti,PROPER,0.00020906498,1,haiti
OTHER,freedom,COMMON,0.0002083754,2,"freedom, value"
OTHER,appeal appeal,COMMON,0.00020745523,1,appeal appeal
PERSON,students,COMMON,0.00020409045,1,students
PERSON,people,COMMON,0.0002036851,1,people
OTHER,system,COMMON,0.00020057765,1,system
OTHER,meaning,COMMON,0.00019873993,1,meaning
OTHER,number,COMMON,0.00019571626,1,number
OTHER,issues,COMMON,0.00019429259,1,issues
OTHER,issues,COMMON,0.0001941699,1,issues
ORGANIZATION,agencies,COMMON,0.0001931862,1,agencies
PERSON,few,COMMON,0.0001931862,1,few
PERSON,writer,COMMON,0.0001931862,1,writer
ORGANIZATION,medicine authority,COMMON,0.0001931862,1,medicine authority
OTHER,disparity,COMMON,0.0001931862,1,disparity
OTHER,inequities,COMMON,0.0001931862,1,inequities
EVENT,course citizen disengagement,COMMON,0.0001931862,1,course citizen disengagement
OTHER,meaning,COMMON,0.00019222398,1,meaning
OTHER,heart,COMMON,0.00019222398,1,heart
PERSON,population,COMMON,0.00019222398,1,population
OTHER,truth,COMMON,0.00019154417,1,truth
OTHER,effect,COMMON,0.00018884822,1,effect
PERSON,pirates,COMMON,0.00018661693,1,pirates
OTHER,ones,COMMON,0.00018526723,1,ones
LOCATION,provinces,COMMON,0.00018494038,1,provinces
OTHER,idea,COMMON,0.00018452502,1,idea
OTHER,matter,COMMON,0.00018450411,2,"matter, matter"
OTHER,value,COMMON,0.00018423187,1,value
OTHER,anything,COMMON,0.00018376198,1,anything
OTHER,pronouncements,COMMON,0.00018376198,1,pronouncements
OTHER,test scores,COMMON,0.00018224902,1,test scores
OTHER,system,COMMON,0.00018133053,1,system
OTHER,research,COMMON,0.00018118073,1,research
OTHER,process,COMMON,0.00018047355,1,process
OTHER,reputation,COMMON,0.00017498276,1,reputation
OTHER,point,COMMON,0.00017054658,2,"point, point"
OTHER,measures,COMMON,0.00017027085,1,measures
OTHER,statements,COMMON,0.00017025294,1,statements
OTHER,thats,COMMON,0.00016966516,1,thats
OTHER,waiver,COMMON,0.00016966516,1,waiver
OTHER,infrastructure,COMMON,0.00016966516,1,infrastructure
OTHER,ineffectiveness,COMMON,0.00016966516,1,ineffectiveness
OTHER,cane,COMMON,0.00016966516,1,cane
OTHER,caucus,COMMON,0.00016966516,1,caucus
OTHER,effect excuse,COMMON,0.00016966516,1,effect excuse
PERSON,students,COMMON,0.00016896526,1,students
OTHER,fields,COMMON,0.00016882006,1,fields
PERSON,students,COMMON,0.00016868763,1,students
OTHER,waldock,COMMON,0.00016822299,1,waldock
OTHER,stir,COMMON,0.00016822299,1,stir
OTHER,errors,COMMON,0.00016822299,1,errors
OTHER,deal,COMMON,0.00016616397,1,deal
OTHER,statistics,COMMON,0.00016578718,1,statistics
OTHER,quote,COMMON,0.00016553722,1,quote
OTHER,spurs,COMMON,0.00016471266,1,spurs
LOCATION,states,COMMON,0.00016469875,1,states
PERSON,students,COMMON,0.00016425356,1,students
OTHER,education,COMMON,0.00016242085,1,education
OTHER,education,COMMON,0.0001621128,1,education
OTHER,education,COMMON,0.0001621128,1,education
ORGANIZATION,schools,COMMON,0.00016170954,1,schools
OTHER,policies,COMMON,0.00015593394,1,policies
OTHER,student success,COMMON,0.00015495247,1,student success
OTHER,success,COMMON,0.00015469786,1,success
OTHER,influence,COMMON,0.00015422303,1,influence
OTHER,problem,COMMON,0.00015402278,2,"hat, problem"
OTHER,self,COMMON,0.00015351662,1,self
WORK_OF_ART,report,COMMON,0.00015347973,1,report
OTHER,right,COMMON,0.00015332991,2,"right, model"
PERSON,many,COMMON,0.00015223783,1,many
OTHER,values,COMMON,0.00014788526,2,"values, values"
OTHER,problems,COMMON,0.00014591236,1,problems
OTHER,problems,COMMON,0.00014591236,1,problems
OTHER,problem,COMMON,0.00014591236,1,problem
PERSON,people,COMMON,0.00014579206,1,people
OTHER,belief,COMMON,0.00014558509,1,belief
OTHER,way,COMMON,0.00014508786,1,way
OTHER,problem,COMMON,0.00014507018,1,problem
PERSON,citizens,COMMON,0.00014495804,1,citizens
ORGANIZATION,institutions,COMMON,0.00014204117,1,institutions
ORGANIZATION,group,COMMON,0.00014160159,1,group
PERSON,students,COMMON,0.00014095717,2,"students, students"
OTHER,all,COMMON,0.00014041128,1,all
OTHER,problems,COMMON,0.00014030426,1,problems
OTHER,talents,COMMON,0.00014018841,1,talents
OTHER,conversation,COMMON,0.00013924301,2,"conversation, conversation"
OTHER,society,COMMON,0.00013899124,1,society
OTHER,control,COMMON,0.00013889282,1,control
OTHER,society,COMMON,0.00013829888,1,society
OTHER,society,COMMON,0.00013803657,1,society
OTHER,society,COMMON,0.00013803657,1,society
OTHER,society,COMMON,0.00013780975,1,society
PERSON,students,COMMON,0.00013769198,1,students
PERSON,students,COMMON,0.00013769198,1,students
PERSON,students,COMMON,0.00013756637,1,students
PERSON,students,COMMON,0.00013744953,1,students
PERSON,students,COMMON,0.00013744953,1,students
PERSON,student,COMMON,0.00013744953,1,student
OTHER,belief system,COMMON,0.00013665078,1,belief system
PERSON,people,COMMON,0.0001365808,1,people
PERSON,value student,COMMON,0.00013628669,1,value student
PERSON,students,COMMON,0.00013628669,1,students
PERSON,students,COMMON,0.00013614072,1,students
OTHER,belief system,COMMON,0.00013608568,1,belief system
OTHER,concept,COMMON,0.00013407352,1,concept
OTHER,conception,COMMON,0.00013407352,1,conception
OTHER,conception,COMMON,0.00013407352,1,conception
OTHER,belief system,COMMON,0.00013332594,1,belief system
PERSON,students,COMMON,0.00013216664,1,students
OTHER,commitment,COMMON,0.00013177823,1,commitment
OTHER,mission statement,COMMON,0.00013074283,1,mission statement
PERSON,policymakers,COMMON,0.00013038401,1,policymakers
OTHER,policy,COMMON,0.00013038401,1,policy
PERSON,politicians,COMMON,0.00013038401,1,politicians
PERSON,politicians,COMMON,0.00013009158,1,politicians
OTHER,mission statement,COMMON,0.00012984482,1,mission statement
OTHER,mission statement,COMMON,0.00012984482,1,mission statement
OTHER,mission statements,COMMON,0.00012984482,1,mission statements
PERSON,community,COMMON,0.00012980797,1,community
LOCATION,state,COMMON,0.00012963146,1,state
OTHER,all,COMMON,0.00012883294,1,all
ORGANIZATION,institutions,COMMON,0.00012847179,1,institutions
LOCATION,cities,COMMON,0.00012814609,1,cities
OTHER,one,COMMON,0.00012814609,1,one
OTHER,citizenship,COMMON,0.00012761615,1,citizenship
OTHER,citizenship,COMMON,0.00012761615,1,citizenship
OTHER,citizenship,COMMON,0.00012761615,1,citizenship
OTHER,citizenship,COMMON,0.00012740644,1,citizenship
OTHER,citizenship,COMMON,0.00012740644,1,citizenship
OTHER,values,COMMON,0.00012713882,1,values
PERSON,students,COMMON,0.00012590195,1,students
PERSON,students,COMMON,0.00012590195,1,students
PERSON,scoring student,COMMON,0.00012581336,1,scoring student
PERSON,students,COMMON,0.00012581336,1,students
PERSON,students,COMMON,0.00012581336,1,students
PERSON,students,COMMON,0.00012581336,1,students
PERSON,students,COMMON,0.0001256502,1,students
PERSON,students,COMMON,0.00012427333,1,students
OTHER,beliefs,COMMON,0.00012326818,1,beliefs
OTHER,issue,COMMON,0.00012269063,1,issue
OTHER,resources,COMMON,0.00012135486,1,resources
EVENT,graduation,COMMON,0.00012119519,1,graduation
OTHER,some,COMMON,0.000120378885,1,some
OTHER,thing,COMMON,0.000120181074,1,thing
OTHER,concept,COMMON,0.00011963539,1,concept
PERSON,robert maynard hutchins,PROPER,0.00011954462,1,robert maynard hutchins
OTHER,much,COMMON,0.0001182375,1,much
PERSON,people,COMMON,0.0001182375,1,people
OTHER,kind,COMMON,0.00011797229,1,kind
PERSON,people,COMMON,0.00011797229,1,people
PERSON,people,COMMON,0.000117555035,1,people
OTHER,content,COMMON,0.00011672579,1,content
OTHER,example,COMMON,0.000114798175,1,example
OTHER,techniques,COMMON,0.00011462893,1,techniques
PERSON,teaching students,COMMON,0.00011344026,1,teaching students
OTHER,conception,COMMON,0.00011330767,1,conception
OTHER,work,COMMON,0.000112542715,1,work
OTHER,approach,COMMON,0.000112290276,1,approach
OTHER,approach,COMMON,0.000112290276,1,approach
OTHER,course,COMMON,0.00011189312,1,course
OTHER,value,COMMON,0.0001110965,1,value
OTHER,education,COMMON,0.0001098235,1,education
OTHER,education,COMMON,0.0001097233,1,education
OTHER,education,COMMON,0.0001097233,1,education
OTHER,education,COMMON,0.0001097233,1,education
OTHER,peg board view,COMMON,0.00010945021,1,peg board view
OTHER,views,COMMON,0.00010945021,1,views
OTHER,viewpoint,COMMON,0.00010920471,1,viewpoint
OTHER,viewpoint,COMMON,0.00010920471,1,viewpoint
ORGANIZATION,group,COMMON,0.00010899757,1,group
ORGANIZATION,academy,COMMON,0.00010899757,1,academy
OTHER,view,COMMON,0.00010899757,1,view
OTHER,education,COMMON,0.000108971595,1,education
ORGANIZATION,academy,COMMON,0.00010881846,1,academy
OTHER,view,COMMON,0.00010881846,1,view
ORGANIZATION,university,COMMON,0.00010881846,1,university
OTHER,problem,COMMON,0.000108273955,1,problem
OTHER,problem,COMMON,0.000108125736,1,problem
OTHER,all,COMMON,0.00010672233,1,all
OTHER,job lock,COMMON,0.00010636252,1,job lock
PERSON,teachers,COMMON,0.000106160165,1,teachers
ORGANIZATION,self government,COMMON,0.00010572114,1,self government
OTHER,teaching,COMMON,0.000105547406,1,teaching
OTHER,democracy,COMMON,0.000105547406,1,democracy
OTHER,democracy,COMMON,0.000105547406,1,democracy
ORGANIZATION,government,COMMON,0.000105547406,1,government
OTHER,democracy,COMMON,0.000105547406,1,democracy
OTHER,interest,COMMON,0.000105547406,1,interest
OTHER,student success,COMMON,0.000104972416,1,student success
OTHER,student success,COMMON,0.000104972416,1,student success
OTHER,student success,COMMON,0.00010478757,1,student success
OTHER,student success,COMMON,0.000104704304,1,student success
PERSON,students,COMMON,0.0001044552,1,students
OTHER,student success,COMMON,0.00010402306,1,student success
OTHER,faculty success,COMMON,0.00010402306,1,faculty success
OTHER,student success,COMMON,0.00010402306,1,student success
OTHER,resources,COMMON,0.00010347619,1,resources
OTHER,discussions,COMMON,0.00010263815,1,discussions
OTHER,competitiveness,COMMON,0.00010263815,1,competitiveness
OTHER,lot,COMMON,0.00010240793,1,lot
OTHER,fact,COMMON,0.000102213686,1,fact
PERSON,leaders,COMMON,0.000102213686,1,leaders
OTHER,competitiveness,COMMON,0.000102213686,1,competitiveness
OTHER,competitiveness,COMMON,0.000102213686,1,competitiveness
OTHER,personnel practices,COMMON,0.00010204572,1,personnel practices
OTHER,life,COMMON,0.00010204572,1,life
OTHER,practice,COMMON,0.00010204572,1,practice
OTHER,lot,COMMON,0.00010204572,1,lot
OTHER,money,COMMON,0.00010104953,1,money
OTHER,education,COMMON,0.000100494435,1,education
LOCATION,iowa,PROPER,0.00010023143,1,iowa
OTHER,bases,COMMON,9.990014e-05,1,bases
OTHER,things,COMMON,9.983329e-05,1,things
OTHER,lives,COMMON,9.981259e-05,1,lives
OTHER,priority,COMMON,9.977059e-05,1,priority
OTHER,competitiveness argument,COMMON,9.8839e-05,1,competitiveness argument
OTHER,role,COMMON,9.8839e-05,1,role
OTHER,way,COMMON,9.875389e-05,1,way
OTHER,all,COMMON,9.8695746e-05,1,all
OTHER,argument,COMMON,9.86173e-05,1,argument
OTHER,productivity argument,COMMON,9.86173e-05,1,productivity argument
OTHER,all,COMMON,9.856064e-05,1,all
OTHER,problem,COMMON,9.843902e-05,1,problem
OTHER,problems,COMMON,9.843902e-05,1,problems
OTHER,beliefs,COMMON,9.843902e-05,1,beliefs
OTHER,contrary,COMMON,9.8430246e-05,1,contrary
OTHER,role,COMMON,9.8430246e-05,1,role
OTHER,more,COMMON,9.8349214e-05,1,more
OTHER,co curriculum,COMMON,9.8268494e-05,1,co curriculum
OTHER,curriculum,COMMON,9.8268494e-05,1,curriculum
OTHER,more,COMMON,9.826568e-05,1,more
OTHER,beliefs,COMMON,9.826568e-05,1,beliefs
OTHER,problems,COMMON,9.767541e-05,1,problems
OTHER,economy,COMMON,9.7602875e-05,1,economy
OTHER,beliefs,COMMON,9.754874e-05,1,beliefs
PERSON,many,COMMON,9.743844e-05,1,many
OTHER,beliefs,COMMON,9.732994e-05,1,beliefs
OTHER,problems,COMMON,9.732994e-05,1,problems
ORGANIZATION,higher education institutions,COMMON,9.6042626e-05,1,higher education institutions
OTHER,student success,COMMON,9.598368e-05,1,student success
ORGANIZATION,institution,COMMON,9.5955e-05,1,institution
OTHER,success,COMMON,9.591614e-05,1,success
PERSON,instructors,COMMON,9.5873496e-05,1,instructors
ORGANIZATION,institution,COMMON,9.5873496e-05,1,institution
OTHER,success,COMMON,9.585229e-05,1,success
OTHER,student success,COMMON,9.585229e-05,1,student success
OTHER,belief,COMMON,9.579848e-05,1,belief
OTHER,institution,COMMON,9.579732e-05,1,institution
OTHER,success,COMMON,9.579175e-05,1,success
OTHER,work,COMMON,9.57753e-05,1,work
OTHER,mention,COMMON,9.577525e-05,1,mention
OTHER,value,COMMON,9.550808e-05,1,value
OTHER,way,COMMON,9.5361655e-05,1,way
ORGANIZATION,institution,COMMON,9.5174015e-05,1,institution
OTHER,science technology,COMMON,9.470166e-05,1,science technology
OTHER,management techniques,COMMON,9.470166e-05,1,management techniques
OTHER,expertise,COMMON,9.470166e-05,1,expertise
PERSON,student,COMMON,9.4441515e-05,1,student
PERSON,students,COMMON,9.4348456e-05,1,students
OTHER,ways,COMMON,9.431001e-05,1,ways
OTHER,labor market,COMMON,9.431001e-05,1,labor market
PERSON,students,COMMON,9.4262374e-05,1,students
OTHER,self understanding,COMMON,9.414585e-05,1,self understanding
OTHER,societies,COMMON,9.360432e-05,1,societies
OTHER,bit,COMMON,9.3474046e-05,1,bit
ORGANIZATION,colleges,COMMON,9.202804e-05,1,colleges
ORGANIZATION,community colleges,COMMON,9.202804e-05,1,community colleges
OTHER,conception,COMMON,9.082719e-05,1,conception
OTHER,belief,COMMON,9.007691e-05,1,belief
OTHER,conception,COMMON,8.9900146e-05,1,conception
OTHER,concern,COMMON,8.9900146e-05,1,concern
OTHER,college reports,COMMON,8.9767535e-05,1,college reports
OTHER,community,COMMON,8.950731e-05,1,community
OTHER,summer courses,COMMON,8.8815716e-05,1,summer courses
LOCATION,portsmouth,PROPER,8.8616325e-05,1,portsmouth
WORK_OF_ART,anyone comment,COMMON,8.86104e-05,1,anyone comment
OTHER,commitment,COMMON,8.86104e-05,1,commitment
PERSON,community,COMMON,8.8411645e-05,1,community
LOCATION,mortar institutions,COMMON,8.781846e-05,1,mortar institutions
OTHER,many,COMMON,8.780743e-05,1,many
ORGANIZATION,police,COMMON,8.773766e-05,1,police
PERSON,policemen,COMMON,8.773766e-05,1,policemen
OTHER,excellence,COMMON,8.770411e-05,1,excellence
ORGANIZATION,institutions,COMMON,8.769824e-05,1,institutions
ORGANIZATION,institutions,COMMON,8.7642846e-05,1,institutions
OTHER,politics,COMMON,8.727998e-05,1,politics
OTHER,policies,COMMON,8.716679e-05,1,policies
OTHER,statistics,COMMON,8.706452e-05,1,statistics
OTHER,colleague ship collaboration community service citizenship,COMMON,8.6537715e-05,1,colleague ship collaboration community service citizenship
PERSON,citizen,COMMON,8.645245e-05,1,citizen
OTHER,excellence,COMMON,8.645245e-05,1,excellence
OTHER,excellence,COMMON,8.645245e-05,1,excellence
OTHER,excellence,COMMON,8.637357e-05,1,excellence
OTHER,source,COMMON,8.62435e-05,1,source
OTHER,excellence,COMMON,8.623163e-05,1,excellence
OTHER,terms,COMMON,8.623163e-05,1,terms
OTHER,citizenship,COMMON,8.578181e-05,1,citizenship
OTHER,terms,COMMON,8.567056e-05,1,terms
OTHER,terms,COMMON,8.557005e-05,1,terms
OTHER,terms,COMMON,8.557005e-05,1,terms
OTHER,terms,COMMON,8.557005e-05,1,terms
OTHER,excellence,COMMON,8.557005e-05,1,excellence
OTHER,excellence,COMMON,8.5478394e-05,1,excellence
OTHER,terms,COMMON,8.5478394e-05,1,terms
OTHER,excellence,COMMON,8.5478394e-05,1,excellence
OTHER,society,COMMON,8.533361e-05,1,society
OTHER,win win game aspect,COMMON,8.5262785e-05,1,win win game aspect
ORGANIZATION,peg board,COMMON,8.502813e-05,1,peg board
OTHER,peg board,COMMON,8.502813e-05,1,peg board
OTHER,peg board,COMMON,8.502813e-05,1,peg board
OTHER,benefit,COMMON,8.4837404e-05,1,benefit
OTHER,benefit,COMMON,8.4837404e-05,1,benefit
OTHER,resources,COMMON,8.480696e-05,1,resources
OTHER,benefits,COMMON,8.467648e-05,1,benefits
OTHER,sort,COMMON,8.467648e-05,1,sort
OTHER,benefits,COMMON,8.467648e-05,1,benefits
OTHER,reputation,COMMON,8.4409345e-05,1,reputation
OTHER,hands,COMMON,8.440194e-05,1,hands
OTHER,system,COMMON,8.423673e-05,1,system
OTHER,system,COMMON,8.4180654e-05,1,system
OTHER,system,COMMON,8.4180654e-05,1,system
OTHER,systems,COMMON,8.412749e-05,1,systems
OTHER,resource,COMMON,8.4018015e-05,1,resource
OTHER,resources,COMMON,8.4018015e-05,1,resources
OTHER,resources,COMMON,8.392802e-05,1,resources
OTHER,part,COMMON,8.3778636e-05,1,part
OTHER,civic,COMMON,8.3252344e-05,1,civic
OTHER,issue,COMMON,8.317638e-05,1,issue
OTHER,issue,COMMON,8.317638e-05,1,issue
ORGANIZATION,colleges universities,COMMON,8.312783e-05,1,colleges universities
OTHER,value,COMMON,8.299113e-05,1,value
OTHER,resources,COMMON,8.298953e-05,1,resources
OTHER,concept,COMMON,8.28835e-05,1,concept
OTHER,conception,COMMON,8.28835e-05,1,conception
OTHER,issues,COMMON,8.260652e-05,1,issues
OTHER,fact,COMMON,8.2540595e-05,1,fact
OTHER,lip service,COMMON,8.24994e-05,1,lip service
OTHER,service,COMMON,8.24994e-05,1,service
OTHER,public service,COMMON,8.240261e-05,1,public service
OTHER,issue,COMMON,8.231434e-05,1,issue
ORGANIZATION,university,COMMON,8.210876e-05,1,university
OTHER,funding,COMMON,8.174149e-05,1,funding
OTHER,some,COMMON,8.154938e-05,1,some
OTHER,some,COMMON,8.147498e-05,1,some
OTHER,things,COMMON,8.140577e-05,1,things
OTHER,problem,COMMON,8.117712e-05,1,problem
OTHER,catalog mission statement,COMMON,8.106252e-05,1,catalog mission statement
OTHER,one,COMMON,8.073309e-05,1,one
PERSON,many,COMMON,8.037341e-05,1,many
PERSON,politicians,COMMON,8.037341e-05,1,politicians
LOCATION,state,COMMON,8.026917e-05,1,state
OTHER,trick,COMMON,8.012368e-05,1,trick
OTHER,catalogs,COMMON,7.938202e-05,1,catalogs
OTHER,words,COMMON,7.938202e-05,1,words
LOCATION,state,COMMON,7.9286576e-05,1,state
OTHER,economies,COMMON,7.916414e-05,1,economies
OTHER,economy,COMMON,7.916414e-05,1,economy
OTHER,kind,COMMON,7.9148595e-05,1,kind
OTHER,terms,COMMON,7.910845e-05,1,terms
PERSON,people,COMMON,7.904595e-05,1,people
OTHER,terms,COMMON,7.899378e-05,1,terms
EVENT,war,COMMON,7.898657e-05,1,war
OTHER,distribution,COMMON,7.898657e-05,1,distribution
OTHER,excellence,COMMON,7.8941186e-05,1,excellence
OTHER,terms,COMMON,7.8941186e-05,1,terms
OTHER,excellence,COMMON,7.8941186e-05,1,excellence
OTHER,words,COMMON,7.883675e-05,1,words
OTHER,catalogs,COMMON,7.883675e-05,1,catalogs
OTHER,student learning,COMMON,7.876975e-05,1,student learning
LOCATION,classroom,COMMON,7.870719e-05,1,classroom
OTHER,conception,COMMON,7.8607925e-05,1,conception
OTHER,evidence,COMMON,7.85187e-05,1,evidence
OTHER,example,COMMON,7.775944e-05,1,example
OTHER,example,COMMON,7.775944e-05,1,example
OTHER,kind,COMMON,7.775542e-05,1,kind
PERSON,people,COMMON,7.775542e-05,1,people
OTHER,example,COMMON,7.701895e-05,1,example
OTHER,education,COMMON,7.6299446e-05,1,education
OTHER,abuse,COMMON,7.627186e-05,1,abuse
PERSON,citizens,COMMON,7.60775e-05,1,citizens
OTHER,sense,COMMON,7.600018e-05,1,sense
OTHER,opportunities,COMMON,7.600018e-05,1,opportunities
OTHER,focus,COMMON,7.595643e-05,1,focus
OTHER,course,COMMON,7.592529e-05,1,course
OTHER,sense,COMMON,7.585602e-05,1,sense
WORK_OF_ART,works,COMMON,7.5791584e-05,1,works
OTHER,opportunity,COMMON,7.5791584e-05,1,opportunity
PERSON,servants,COMMON,7.574065e-05,1,servants
OTHER,approach,COMMON,7.557123e-05,1,approach
OTHER,work,COMMON,7.5336306e-05,1,work
OTHER,education,COMMON,7.525172e-05,1,education
OTHER,approach,COMMON,7.5238604e-05,1,approach
OTHER,effectiveness,COMMON,7.515033e-05,1,effectiveness
OTHER,things,COMMON,7.502772e-05,1,things
OTHER,claims,COMMON,7.495149e-05,1,claims
OTHER,things,COMMON,7.446407e-05,1,things
OTHER,defining,COMMON,7.446407e-05,1,defining
OTHER,change,COMMON,7.4352734e-05,1,change
OTHER,all,COMMON,7.403295e-05,1,all
OTHER,all,COMMON,7.399573e-05,1,all
OTHER,all,COMMON,7.399573e-05,1,all
OTHER,qualities,COMMON,7.391171e-05,1,qualities
ORGANIZATION,division,COMMON,7.390761e-05,1,division
OTHER,mark,COMMON,7.38208e-05,1,mark
ORGANIZATION,minority groups,COMMON,7.377151e-05,1,minority groups
ORGANIZATION,groups,COMMON,7.377151e-05,1,groups
OTHER,quality,COMMON,7.370885e-05,1,quality
PERSON,academics,COMMON,7.365028e-05,1,academics
OTHER,qualities,COMMON,7.3372445e-05,1,qualities
OTHER,qualities,COMMON,7.3372445e-05,1,qualities
OTHER,responsibility,COMMON,7.326608e-05,1,responsibility
OTHER,qualities,COMMON,7.326608e-05,1,qualities
ORGANIZATION,universities,COMMON,7.317106e-05,1,universities
ORGANIZATION,research universities,COMMON,7.317106e-05,1,research universities
LOCATION,academia,COMMON,7.300693e-05,1,academia
OTHER,much,COMMON,7.299122e-05,1,much
OTHER,much,COMMON,7.299122e-05,1,much
OTHER,value,COMMON,7.297547e-05,1,value
OTHER,much,COMMON,7.288541e-05,1,much
OTHER,ways,COMMON,7.255059e-05,1,ways
OTHER,pronouncements,COMMON,7.239556e-05,1,pronouncements
OTHER,some,COMMON,7.2099e-05,1,some
OTHER,anything,COMMON,7.203491e-05,1,anything
OTHER,productivity,COMMON,7.203491e-05,1,productivity
OTHER,wellbeing,COMMON,7.203491e-05,1,wellbeing
OTHER,inequities,COMMON,7.203491e-05,1,inequities
PERSON,populace,COMMON,7.203491e-05,1,populace
PERSON,consumer,COMMON,7.203491e-05,1,consumer
OTHER,student success,COMMON,7.199853e-05,1,student success
OTHER,success,COMMON,7.196234e-05,1,success
OTHER,success,COMMON,7.196234e-05,1,success
OTHER,success,COMMON,7.1927585e-05,1,success
OTHER,success,COMMON,7.1927585e-05,1,success
EVENT,killings,COMMON,7.189828e-05,1,killings
OTHER,form,COMMON,7.189828e-05,1,form
EVENT,killings,COMMON,7.189828e-05,1,killings
OTHER,apple id laws,COMMON,7.178012e-05,1,apple id laws
LOCATION,us,COMMON,7.178012e-05,1,us
OTHER,attention,COMMON,7.178012e-05,1,attention
OTHER,resources,COMMON,7.171029e-05,1,resources
OTHER,interventions,COMMON,7.16192e-05,1,interventions
PERSON,riff,COMMON,7.1572445e-05,1,riff
ORGANIZATION,self government,COMMON,7.116679e-05,1,self government
OTHER,democracy,COMMON,7.106362e-05,1,democracy
OTHER,intelligence,COMMON,7.106362e-05,1,intelligence
ORGANIZATION,government,COMMON,7.106362e-05,1,government
OTHER,research,COMMON,7.097146e-05,1,research
OTHER,part,COMMON,7.097146e-05,1,part
ORGANIZATION,government,COMMON,7.088819e-05,1,government
OTHER,research,COMMON,7.081226e-05,1,research
OTHER,teaching,COMMON,7.081226e-05,1,teaching
OTHER,teaching,COMMON,7.081226e-05,1,teaching
PERSON,teachers,COMMON,7.081226e-05,1,teachers
PERSON,captives,COMMON,7.0440095e-05,1,captives
OTHER,preoccupation,COMMON,7.02651e-05,1,preoccupation
OTHER,generosity,COMMON,7.0174836e-05,1,generosity
OTHER,mission,COMMON,6.942362e-05,1,mission
OTHER,sense,COMMON,6.942362e-05,1,sense
OTHER,approach,COMMON,6.9374764e-05,1,approach
OTHER,approach,COMMON,6.9374764e-05,1,approach
PERSON,others,COMMON,6.933238e-05,1,others
OTHER,goatee work,COMMON,6.932858e-05,1,goatee work
PERSON,opponents,COMMON,6.932858e-05,1,opponents
OTHER,effect,COMMON,6.928479e-05,1,effect
OTHER,tracking practices,COMMON,6.9121095e-05,1,tracking practices
OTHER,competitiveness,COMMON,6.9121095e-05,1,competitiveness
OTHER,practices,COMMON,6.906617e-05,1,practices
OTHER,value statement,COMMON,6.897909e-05,1,value statement
OTHER,fact,COMMON,6.870588e-05,1,fact
OTHER,discussions,COMMON,6.870588e-05,1,discussions
OTHER,skills leadership,COMMON,6.870588e-05,1,skills leadership
OTHER,mass media,COMMON,6.870588e-05,1,mass media
OTHER,faculty discussions,COMMON,6.870588e-05,1,faculty discussions
OTHER,practices,COMMON,6.861678e-05,1,practices
OTHER,scholarship,COMMON,6.861678e-05,1,scholarship
PERSON,patient,COMMON,6.859036e-05,1,patient
OTHER,reputational,COMMON,6.8536276e-05,1,reputational
OTHER,fact,COMMON,6.8536276e-05,1,fact
OTHER,lot,COMMON,6.8536276e-05,1,lot
OTHER,effect,COMMON,6.8525515e-05,1,effect
OTHER,reputation,COMMON,6.846286e-05,1,reputation
PERSON,scholars,COMMON,6.846286e-05,1,scholars
OTHER,reputations,COMMON,6.769729e-05,1,reputations
OTHER,beliefs,COMMON,6.7483285e-05,1,beliefs
OTHER,beliefs,COMMON,6.7483285e-05,1,beliefs
OTHER,quality,COMMON,6.746834e-05,1,quality
OTHER,quality,COMMON,6.746834e-05,1,quality
OTHER,beliefs,COMMON,6.745069e-05,1,beliefs
OTHER,beliefs,COMMON,6.745069e-05,1,beliefs
OTHER,systems responsibilities,COMMON,6.7423425e-05,1,systems responsibilities
OTHER,measures,COMMON,6.738739e-05,1,measures
OTHER,qualities,COMMON,6.732216e-05,1,qualities
OTHER,race measures,COMMON,6.661905e-05,1,race measures
OTHER,contact,COMMON,6.656247e-05,1,contact
OTHER,arrangement,COMMON,6.652633e-05,2,"arrangement, life"
OTHER,curriculum,COMMON,6.6258675e-05,1,curriculum
OTHER,role,COMMON,6.6162625e-05,1,role
OTHER,education curriculum,COMMON,6.6162625e-05,1,education curriculum
OTHER,efforts,COMMON,6.6162625e-05,1,efforts
OTHER,role,COMMON,6.6162625e-05,1,role
PERSON,ferry nobody,COMMON,6.615253e-05,1,ferry nobody
OTHER,purposes,COMMON,6.5999295e-05,1,purposes
OTHER,roots,COMMON,6.596382e-05,1,roots
PERSON,students,COMMON,6.594985e-05,1,students
ORGANIZATION,institutions,COMMON,6.584041e-05,1,institutions
ORGANIZATION,institution,COMMON,6.580861e-05,1,institution
ORGANIZATION,institutions,COMMON,6.580861e-05,1,institutions
PERSON,each other,COMMON,6.5748565e-05,1,each other
OTHER,creativity intelligence,COMMON,6.553516e-05,1,creativity intelligence
PERSON,professors,COMMON,6.535247e-05,1,professors
OTHER,projects,COMMON,6.532519e-05,1,projects
OTHER,issues,COMMON,6.405067e-05,1,issues
OTHER,discussion,COMMON,6.3970016e-05,1,discussion
OTHER,ways,COMMON,6.38886e-05,1,ways
OTHER,level,COMMON,6.383031e-05,1,level
OTHER,number,COMMON,6.383031e-05,1,number
OTHER,reasons,COMMON,6.383031e-05,1,reasons
OTHER,levels,COMMON,6.383031e-05,1,levels
OTHER,experience,COMMON,6.372541e-05,1,experience
OTHER,importance,COMMON,6.372541e-05,1,importance
OTHER,importance,COMMON,6.372541e-05,1,importance
OTHER,some,COMMON,6.368553e-05,1,some
OTHER,hope,COMMON,6.3579944e-05,1,hope
OTHER,industry,COMMON,6.340544e-05,1,industry
PERSON,king,COMMON,6.340544e-05,1,king
PERSON,parents,COMMON,6.340544e-05,1,parents
OTHER,hiv,COMMON,6.340544e-05,1,hiv
OTHER,engagement,COMMON,6.339298e-05,1,engagement
EVENT,discussion,COMMON,6.336083e-05,1,discussion
OTHER,fact,COMMON,6.336083e-05,1,fact
OTHER,importance,COMMON,6.331077e-05,1,importance
OTHER,ways,COMMON,6.331077e-05,1,ways
ORGANIZATION,schools,COMMON,6.326898e-05,1,schools
PERSON,cousin,COMMON,6.326321e-05,1,cousin
OTHER,comfort,COMMON,6.326321e-05,1,comfort
OTHER,rat,COMMON,6.326321e-05,1,rat
OTHER,existence,COMMON,6.326321e-05,1,existence
LOCATION,college north,COMMON,6.326321e-05,1,college north
OTHER,whole,COMMON,6.326321e-05,1,whole
OTHER,responsibility leadership,COMMON,6.322686e-05,1,responsibility leadership
PERSON,colleagues,COMMON,6.319947e-05,1,colleagues
OTHER,importance,COMMON,6.316875e-05,1,importance
OTHER,manner,COMMON,6.3143205e-05,1,manner
OTHER,language,COMMON,6.3143205e-05,1,language
OTHER,fate,COMMON,6.3143205e-05,1,fate
OTHER,path,COMMON,6.3143205e-05,1,path
LOCATION,fort,COMMON,6.3143205e-05,1,fort
OTHER,initiative,COMMON,6.3143205e-05,1,initiative
ORGANIZATION,peer group,COMMON,6.244042e-05,1,peer group
OTHER,choice,COMMON,6.226774e-05,1,choice
OTHER,values,COMMON,6.226492e-05,1,values
OTHER,values,COMMON,6.226492e-05,1,values
OTHER,concept,COMMON,6.2234845e-05,1,concept
OTHER,values,COMMON,6.2234845e-05,1,values
OTHER,value,COMMON,6.2234845e-05,1,value
OTHER,value,COMMON,6.2178064e-05,1,value
OTHER,reasons,COMMON,6.217477e-05,1,reasons
OTHER,arthritis,COMMON,6.1692306e-05,1,arthritis
OTHER,rate,COMMON,6.139116e-05,1,rate
OTHER,community,COMMON,6.133044e-05,1,community
OTHER,community,COMMON,6.1241524e-05,1,community
OTHER,purposes,COMMON,6.1015413e-05,1,purposes
PERSON,others,COMMON,6.096987e-05,1,others
OTHER,measures,COMMON,6.096987e-05,1,measures
OTHER,efforts,COMMON,6.092696e-05,1,efforts
OTHER,continuum,COMMON,6.092696e-05,1,continuum
OTHER,effort,COMMON,6.0886396e-05,1,effort
OTHER,effort,COMMON,6.0886396e-05,1,effort
PERSON,faculty,COMMON,6.087125e-05,1,faculty
OTHER,responsibility,COMMON,6.0832725e-05,1,responsibility
OTHER,development,COMMON,6.0811268e-05,1,development
OTHER,social change,COMMON,6.0811268e-05,1,social change
OTHER,process,COMMON,6.0811268e-05,1,process
OTHER,race relations,COMMON,6.0755785e-05,1,race relations
OTHER,preparations,COMMON,6.0755785e-05,1,preparations
OTHER,admissions process,COMMON,6.0704177e-05,1,admissions process
OTHER,influence,COMMON,6.0704177e-05,1,influence
OTHER,development,COMMON,6.042712e-05,1,development
OTHER,light,COMMON,6.033952e-05,1,light
OTHER,second,COMMON,6.0337545e-05,1,second
OTHER,policies,COMMON,6.0300896e-05,1,policies
OTHER,policies,COMMON,6.0300896e-05,1,policies
OTHER,changes,COMMON,6.0261264e-05,1,changes
OTHER,curriculum teaching practices reward system community relations,COMMON,6.0261264e-05,1,curriculum teaching practices reward system community relations
WORK_OF_ART,report,COMMON,6.0261264e-05,1,report
PERSON,faculty,COMMON,6.0190563e-05,1,faculty
OTHER,another,COMMON,6.012609e-05,1,another
OTHER,preoccupation,COMMON,6.012609e-05,1,preoccupation
OTHER,test scores,COMMON,6.012609e-05,1,test scores
OTHER,points,COMMON,6.012609e-05,1,points
OTHER,democracy work,COMMON,6.008299e-05,1,democracy work
OTHER,systems perspective,COMMON,5.9978236e-05,1,systems perspective
OTHER,way,COMMON,5.9863e-05,1,way
OTHER,theory,COMMON,5.9584847e-05,1,theory
OTHER,citizenship,COMMON,5.9295595e-05,1,citizenship
OTHER,excellence,COMMON,5.926579e-05,1,excellence
OTHER,citizenship,COMMON,5.9209633e-05,1,citizenship
PERSON,many,COMMON,5.880516e-05,1,many
OTHER,health care,COMMON,5.8722722e-05,2,"health care, health care"
OTHER,talents,COMMON,5.8605216e-05,1,talents
OTHER,fact,COMMON,5.855398e-05,1,fact
OTHER,markets,COMMON,5.8417583e-05,1,markets
OTHER,reason,COMMON,5.8417583e-05,1,reason
OTHER,reputation,COMMON,5.839564e-05,1,reputation
PERSON,markers,COMMON,5.837647e-05,1,markers
OTHER,importance,COMMON,5.837647e-05,1,importance
OTHER,levels,COMMON,5.830076e-05,1,levels
OTHER,resource,COMMON,5.8135676e-05,1,resource
OTHER,opportunity,COMMON,5.7850528e-05,1,opportunity
PERSON,individuals,COMMON,5.741889e-05,1,individuals
OTHER,unemployment crime welfare healthcare,COMMON,5.7362307e-05,1,unemployment crime welfare healthcare
OTHER,question,COMMON,5.7362307e-05,1,question
PERSON,person,COMMON,5.7309968e-05,1,person
OTHER,affirmative action,COMMON,5.7309968e-05,1,affirmative action
OTHER,basis,COMMON,5.7309968e-05,1,basis
OTHER,action,COMMON,5.7309968e-05,1,action
PERSON,tutors,COMMON,5.7261288e-05,1,tutors
PERSON,teaching students,COMMON,5.7161033e-05,1,teaching students
OTHER,issues,COMMON,5.7071946e-05,1,issues
OTHER,issues,COMMON,5.7071946e-05,1,issues
OTHER,issues,COMMON,5.7017867e-05,1,issues
OTHER,basis,COMMON,5.6999947e-05,1,basis
ORGANIZATION,major,COMMON,5.6917313e-05,1,major
OTHER,mentoring,COMMON,5.6843495e-05,1,mentoring
OTHER,respects,COMMON,5.6744586e-05,1,respects
PERSON,mentors,COMMON,5.6715988e-05,1,mentors
OTHER,individualism,COMMON,5.6715988e-05,1,individualism
OTHER,classes,COMMON,5.5918255e-05,1,classes
OTHER,influence,COMMON,5.564529e-05,1,influence
OTHER,one,COMMON,5.564529e-05,1,one
OTHER,test scores,COMMON,5.5603756e-05,1,test scores
OTHER,preoccupation,COMMON,5.5603756e-05,1,preoccupation
OTHER,student talents,COMMON,5.5564622e-05,1,student talents
OTHER,talent,COMMON,5.552763e-05,1,talent
OTHER,empathy self understanding,COMMON,5.552763e-05,1,empathy self understanding
OTHER,preparation,COMMON,5.549256e-05,1,preparation
PERSON,under,COMMON,5.549256e-05,1,under
PERSON,academics,COMMON,5.543931e-05,1,academics
OTHER,goal,COMMON,5.537763e-05,1,goal
OTHER,kinds,COMMON,5.4710326e-05,1,kinds
OTHER,reason,COMMON,5.394773e-05,1,reason
OTHER,lot,COMMON,5.3639083e-05,1,lot
OTHER,way,COMMON,5.3427175e-05,1,way
OTHER,tensions,COMMON,5.340617e-05,1,tensions
OTHER,distribution,COMMON,5.340617e-05,1,distribution
OTHER,end,COMMON,5.340617e-05,1,end
OTHER,example,COMMON,5.3349722e-05,1,example
EVENT,war,COMMON,5.331212e-05,1,war
OTHER,message,COMMON,5.331212e-05,1,message
OTHER,wonder,COMMON,5.331212e-05,1,wonder
OTHER,multiculturalism,COMMON,5.331212e-05,1,multiculturalism
OTHER,value messages,COMMON,5.331212e-05,1,value messages
OTHER,equity,COMMON,5.331212e-05,1,equity
OTHER,health care,COMMON,5.3087286e-05,1,health care
OTHER,college,COMMON,5.3069907e-05,1,college
OTHER,self understanding,COMMON,5.30688e-05,1,self understanding
OTHER,multiculturalism,COMMON,5.2991865e-05,1,multiculturalism
OTHER,rhetoric,COMMON,5.2991865e-05,1,rhetoric
LOCATION,curriculum area,COMMON,5.2991865e-05,1,curriculum area
LOCATION,area,COMMON,5.2991865e-05,1,area
OTHER,money,COMMON,5.2991865e-05,1,money
OTHER,end,COMMON,5.2861047e-05,1,end
EVENT,end,COMMON,5.2861047e-05,1,end
OTHER,equity,COMMON,5.2804422e-05,1,equity
OTHER,need,COMMON,5.269009e-05,1,need
LOCATION,world,COMMON,5.2450123e-05,1,world
OTHER,basis,COMMON,5.241321e-05,1,basis
OTHER,test,COMMON,5.241321e-05,1,test
OTHER,indicator,COMMON,5.241321e-05,1,indicator
OTHER,affirmative action,COMMON,5.2378316e-05,1,affirmative action
OTHER,particular,COMMON,5.2345233e-05,1,particular
OTHER,bar,COMMON,5.2299998e-05,1,bar
OTHER,work,COMMON,5.2048876e-05,1,work
OTHER,effect,COMMON,5.2048876e-05,1,effect
OTHER,opportunities,COMMON,5.2048876e-05,1,opportunities
OTHER,mission,COMMON,5.2023737e-05,1,mission
OTHER,approach,COMMON,5.2023737e-05,1,approach
OTHER,effects,COMMON,5.2023737e-05,1,effects
OTHER,approach,COMMON,5.2023737e-05,1,approach
LOCATION,courtroom,COMMON,5.199956e-05,1,courtroom
PERSON,character,COMMON,5.1887975e-05,1,character
PERSON,agents,COMMON,5.179962e-05,1,agents
OTHER,accomplishments,COMMON,5.1215975e-05,1,accomplishments
OTHER,ones,COMMON,5.113781e-05,1,ones
OTHER,chagrin,COMMON,5.1091363e-05,1,chagrin
PERSON,scientists,COMMON,5.088882e-05,1,scientists
PERSON,academia,COMMON,5.061854e-05,1,academia
PERSON,academics,COMMON,5.061854e-05,1,academics
PERSON,group,COMMON,5.061854e-05,1,group
LOCATION,academia,COMMON,5.061854e-05,1,academia
ORGANIZATION,police,COMMON,5.0615436e-05,1,police
PERSON,academics,COMMON,5.059409e-05,1,academics
PERSON,academics,COMMON,5.059409e-05,1,academics
OTHER,responsibility,COMMON,5.059409e-05,1,responsibility
ORGANIZATION,universities,COMMON,5.057058e-05,1,universities
OTHER,ones,COMMON,5.0511793e-05,1,ones
OTHER,matter,COMMON,5.0307823e-05,1,matter
EVENT,peer tutoring,COMMON,5.0260158e-05,1,peer tutoring
PERSON,students,COMMON,4.9800383e-05,1,students
OTHER,democracy,COMMON,4.9121543e-05,1,democracy
OTHER,research,COMMON,4.909685e-05,1,research
OTHER,interest,COMMON,4.9073136e-05,1,interest
OTHER,democracy,COMMON,4.905033e-05,1,democracy
OTHER,research,COMMON,4.9028364e-05,1,research
OTHER,credibility,COMMON,4.8869228e-05,1,credibility
OTHER,wonder,COMMON,4.8832746e-05,1,wonder
OTHER,capacities,COMMON,4.8832746e-05,1,capacities
OTHER,capacities,COMMON,4.8832746e-05,1,capacities
OTHER,ways,COMMON,4.8802223e-05,1,ways
OTHER,diversity,COMMON,4.8798378e-05,1,diversity
OTHER,college material,COMMON,4.8798378e-05,1,college material
OTHER,message,COMMON,4.8798378e-05,1,message
OTHER,systems model,COMMON,4.876589e-05,1,systems model
OTHER,nothing,COMMON,4.876589e-05,1,nothing
OTHER,diversity,COMMON,4.876589e-05,1,diversity
OTHER,notions,COMMON,4.876589e-05,1,notions
LOCATION,campus,COMMON,4.8753758e-05,1,campus
OTHER,disadvantage,COMMON,4.8753758e-05,1,disadvantage
OTHER,disengagement,COMMON,4.870572e-05,1,disengagement
OTHER,heart,COMMON,4.870572e-05,1,heart
OTHER,ability,COMMON,4.870572e-05,1,ability
OTHER,media law,COMMON,4.870572e-05,1,media law
OTHER,law,COMMON,4.8661277e-05,1,law
OTHER,least,COMMON,4.8661277e-05,1,least
OTHER,account,COMMON,4.8661277e-05,1,account
OTHER,attainment,COMMON,4.8661277e-05,1,attainment
OTHER,pariah,COMMON,4.8661277e-05,1,pariah
OTHER,threat,COMMON,4.8661277e-05,1,threat
OTHER,disadvantage,COMMON,4.8661277e-05,1,disadvantage
OTHER,exports,COMMON,4.8661277e-05,1,exports
ORGANIZATION,division,COMMON,4.8619942e-05,1,division
OTHER,difficulty,COMMON,4.8619942e-05,1,difficulty
OTHER,reflection,COMMON,4.8581307e-05,1,reflection
OTHER,resource acquisition,COMMON,4.8581307e-05,1,resource acquisition
OTHER,us,COMMON,4.8581307e-05,1,us
OTHER,bit,COMMON,4.8581307e-05,1,bit
LOCATION,campus,COMMON,4.8581307e-05,1,campus
OTHER,presence,COMMON,4.8581307e-05,1,presence
OTHER,ability,COMMON,4.8327875e-05,1,ability
OTHER,mass media theory,COMMON,4.8327875e-05,1,mass media theory
OTHER,definition,COMMON,4.8208567e-05,1,definition
OTHER,struggle,COMMON,4.815693e-05,1,struggle
OTHER,resource acquisition,COMMON,4.815693e-05,1,resource acquisition
OTHER,discussion,COMMON,4.8032958e-05,1,discussion
OTHER,opportunities,COMMON,4.7642083e-05,1,opportunities
OTHER,lot,COMMON,4.7467875e-05,1,lot
OTHER,practices,COMMON,4.7467875e-05,1,practices
OTHER,discussions,COMMON,4.7444948e-05,1,discussions
OTHER,dancing reputation,COMMON,4.7444948e-05,1,dancing reputation
LOCATION,tokyo,PROPER,4.7112342e-05,1,tokyo
EVENT,conversations,COMMON,4.6701378e-05,1,conversations
LOCATION,ones,COMMON,4.6525198e-05,1,ones
OTHER,subject matter,COMMON,4.615196e-05,1,subject matter
OTHER,importance,COMMON,4.6032223e-05,1,importance
OTHER,developments,COMMON,4.6016867e-05,1,developments
OTHER,instruction,COMMON,4.5999892e-05,1,instruction
ORGANIZATION,institutions,COMMON,4.594226e-05,1,institutions
ORGANIZATION,institution,COMMON,4.5924295e-05,1,institution
OTHER,purpose,COMMON,4.5710727e-05,1,purpose
PERSON,others,COMMON,4.5667417e-05,1,others
OTHER,radio,COMMON,4.502748e-05,1,radio
EVENT,quake,COMMON,4.502748e-05,1,quake
OTHER,gpa,COMMON,4.453479e-05,1,gpa
PERSON,writers,COMMON,4.453479e-05,1,writers
CONSUMER_GOOD,smartphones,COMMON,4.453479e-05,1,smartphones
OTHER,standard,COMMON,4.450345e-05,1,standard
CONSUMER_GOOD,guns,COMMON,4.450345e-05,1,guns
OTHER,smarts,COMMON,4.450345e-05,1,smarts
OTHER,standard,COMMON,4.450345e-05,1,standard
OTHER,autonomy,COMMON,4.447382e-05,1,autonomy
OTHER,rhetoric,COMMON,4.4188928e-05,1,rhetoric
OTHER,co worker programs,COMMON,4.3797176e-05,1,co worker programs
OTHER,garfunkel technique,COMMON,4.3755677e-05,1,garfunkel technique
OTHER,learning,COMMON,4.3736083e-05,1,learning
OTHER,case,COMMON,4.3736083e-05,1,case
OTHER,value,COMMON,4.350179e-05,1,value
OTHER,guitar,COMMON,4.309264e-05,1,guitar
EVENT,conflict,COMMON,4.2816846e-05,1,conflict
OTHER,tendencies,COMMON,4.2816846e-05,1,tendencies
OTHER,concert commitment,COMMON,4.2790973e-05,1,concert commitment
OTHER,romeo,COMMON,4.2774653e-05,1,romeo
OTHER,wealth,COMMON,4.2774653e-05,1,wealth
PERSON,welfare recipients prison inmates,COMMON,4.2735624e-05,1,welfare recipients prison inmates
OTHER,epa,COMMON,4.2735624e-05,1,epa
OTHER,answer chorus,COMMON,4.2735624e-05,1,answer chorus
OTHER,x,COMMON,4.2735624e-05,1,x
OTHER,sex,COMMON,4.2735624e-05,1,sex
OTHER,butt,COMMON,4.2735624e-05,1,butt
OTHER,privilege,COMMON,4.2735624e-05,1,privilege
PERSON,revenue sports athletes,COMMON,4.2699325e-05,1,revenue sports athletes
PERSON,wives,COMMON,4.2699325e-05,1,wives
OTHER,outside,COMMON,4.2699325e-05,1,outside
OTHER,attitudes,COMMON,4.2699325e-05,1,attitudes
OTHER,horrors,COMMON,4.2699325e-05,1,horrors
WORK_OF_ART,amendment,COMMON,4.2665393e-05,1,amendment
OTHER,weapon,COMMON,4.2665393e-05,1,weapon
OTHER,chronicle,COMMON,4.2665393e-05,1,chronicle
OTHER,tradition,COMMON,4.2504438e-05,1,tradition
EVENT,protest,COMMON,4.248275e-05,1,protest
OTHER,causes,COMMON,4.2442818e-05,1,causes
OTHER,kayak,COMMON,4.2442818e-05,1,kayak
OTHER,trust,COMMON,4.2442818e-05,1,trust
OTHER,environment,COMMON,4.2442818e-05,1,environment
OTHER,aereo,COMMON,4.2442818e-05,1,aereo
OTHER,information,COMMON,4.2442818e-05,1,information
EVENT,shift,COMMON,4.2442818e-05,1,shift
OTHER,bees,COMMON,4.2442818e-05,1,bees
OTHER,soul,COMMON,4.2442818e-05,1,soul
OTHER,emphasis,COMMON,4.2442818e-05,1,emphasis
PERSON,veteran,COMMON,4.2387772e-05,1,veteran
LOCATION,places,COMMON,4.2387772e-05,1,places
OTHER,footsteps,COMMON,4.2387772e-05,1,footsteps
EVENT,lecture,COMMON,4.2387772e-05,1,lecture
PERSON,mike patton,COMMON,4.2387772e-05,1,mike patton
OTHER,gospel,COMMON,4.2387772e-05,1,gospel
OTHER,either,COMMON,4.233804e-05,1,either
OTHER,egocentric,COMMON,4.233804e-05,1,egocentric
OTHER,neglect,COMMON,4.233804e-05,1,neglect
OTHER,irony,COMMON,4.233804e-05,1,irony
OTHER,midterms,COMMON,4.229269e-05,1,midterms
OTHER,price,COMMON,4.229269e-05,1,price
PERSON,police,COMMON,4.2076794e-05,1,police
EVENT,conversations,COMMON,4.193618e-05,1,conversations
WORK_OF_ART,letter,COMMON,4.192324e-05,1,letter
OTHER,light,COMMON,4.1708507e-05,1,light
OTHER,influence,COMMON,4.1708507e-05,1,influence
OTHER,influence,COMMON,4.1687537e-05,1,influence
OTHER,one,COMMON,4.1687537e-05,1,one
OTHER,procedures,COMMON,4.1687537e-05,1,procedures
OTHER,preoccupation,COMMON,4.1667405e-05,1,preoccupation
OTHER,light,COMMON,4.164804e-05,1,light
PERSON,students,COMMON,4.1421903e-05,1,students
OTHER,citizenship,COMMON,4.140638e-05,1,citizenship
OTHER,terms,COMMON,4.140638e-05,1,terms
PERSON,students,COMMON,4.139923e-05,1,students
PERSON,students,COMMON,4.139923e-05,1,students
OTHER,terms,COMMON,4.1371208e-05,1,terms
ORGANIZATION,business,COMMON,4.1087977e-05,1,business
OTHER,experience,COMMON,4.107225e-05,1,experience
OTHER,learning,COMMON,4.063854e-05,1,learning
OTHER,responsibility,COMMON,4.0445517e-05,1,responsibility
LOCATION,cities,COMMON,4.0364484e-05,1,cities
OTHER,centralization,COMMON,4.0126346e-05,1,centralization
PERSON,people,COMMON,4.009977e-05,1,people
PERSON,students,COMMON,3.9897353e-05,1,students
OTHER,service,COMMON,3.9873605e-05,1,service
OTHER,community service,COMMON,3.9873605e-05,1,community service
OTHER,issues,COMMON,3.985637e-05,1,issues
OTHER,sort,COMMON,3.9285882e-05,1,sort
OTHER,career,COMMON,3.9285882e-05,1,career
OTHER,fear,COMMON,3.914083e-05,1,fear
LOCATION,earth,COMMON,3.914083e-05,1,earth
OTHER,acceptance,COMMON,3.914083e-05,1,acceptance
OTHER,power,COMMON,3.914083e-05,1,power
OTHER,scope,COMMON,3.914083e-05,1,scope
OTHER,aid,COMMON,3.9111612e-05,1,aid
OTHER,classroom ip,COMMON,3.9111612e-05,1,classroom ip
PERSON,freshmen,COMMON,3.9111612e-05,1,freshmen
EVENT,act,COMMON,3.9084083e-05,1,a c t
PERSON,public,COMMON,3.9084083e-05,1,public
PERSON,lawyers,COMMON,3.9084083e-05,1,lawyers
OTHER,violence,COMMON,3.9084083e-05,1,violence
PERSON,dom,COMMON,3.9084083e-05,1,dom
CONSUMER_GOOD,assessment devices,COMMON,3.9084083e-05,1,assessment devices
OTHER,bullet,COMMON,3.9058064e-05,1,bullet
OTHER,hole,COMMON,3.9058064e-05,1,hole
OTHER,some,COMMON,3.9057926e-05,1,some
OTHER,some,COMMON,3.9057926e-05,1,some
OTHER,types,COMMON,3.9033395e-05,1,types
OTHER,remediation,COMMON,3.9033395e-05,1,remediation
OTHER,effort ordination expansion,COMMON,3.9033395e-05,1,effort ordination expansion
OTHER,issue,COMMON,3.8854578e-05,1,issue
OTHER,experiences,COMMON,3.861904e-05,1,experiences
PERSON,most,COMMON,3.8521615e-05,1,most
PERSON,humans,COMMON,3.8188376e-05,1,humans
ORGANIZATION,departments,COMMON,3.815987e-05,1,departments
OTHER,yardstick,COMMON,3.8133014e-05,1,yardstick
OTHER,aspects,COMMON,3.7729635e-05,1,aspects
PERSON,rest,COMMON,3.761734e-05,1,rest
PERSON,rick warren,COMMON,3.7488622e-05,1,rick warren
LOCATION,river,COMMON,3.7478545e-05,1,river
LOCATION,europe,PROPER,3.7455284e-05,1,europe
LOCATION,pacific rim,PROPER,3.7455284e-05,1,pacific rim
OTHER,problems,COMMON,3.7400274e-05,1,problems
OTHER,way,COMMON,3.730835e-05,1,way
PERSON,john gillies,PROPER,3.730037e-05,1,john gillies
OTHER,way,COMMON,3.7292226e-05,1,way
OTHER,example,COMMON,3.7276655e-05,1,example
OTHER,way,COMMON,3.7261605e-05,1,way
PERSON,people,COMMON,3.7258622e-05,1,people
OTHER,job,COMMON,3.7229423e-05,1,job
OTHER,point,COMMON,3.721439e-05,1,point
OTHER,conditions,COMMON,3.686356e-05,1,conditions
OTHER,reasons,COMMON,3.6762398e-05,1,reasons
OTHER,barricades,COMMON,3.6629473e-05,1,barricades
OTHER,notions,COMMON,3.6629473e-05,1,notions
OTHER,lives,COMMON,3.661106e-05,1,lives
OTHER,ms,COMMON,3.6593377e-05,1,ms
OTHER,everything,COMMON,3.6593377e-05,1,everything
OTHER,credit,COMMON,3.6576374e-05,1,credit
PERSON,ms,COMMON,3.6576374e-05,1,ms
PERSON,scientists,COMMON,3.6576374e-05,1,scientists
OTHER,service warning,COMMON,3.655999e-05,1,service warning
OTHER,source,COMMON,3.6413665e-05,1,source
OTHER,approaches,COMMON,3.6364137e-05,1,approaches
ORGANIZATION,courts,COMMON,3.6364137e-05,1,courts
OTHER,opportunity,COMMON,3.6364137e-05,1,opportunity
OTHER,sense,COMMON,3.6333247e-05,1,sense
OTHER,effect,COMMON,3.6333247e-05,1,effect
OTHER,deterrent effect,COMMON,3.6318575e-05,1,deterrent effect
OTHER,work,COMMON,3.6318575e-05,1,work
OTHER,course,COMMON,3.6318575e-05,1,course
OTHER,idea,COMMON,3.631372e-05,1,idea
PERSON,gene simmons,COMMON,3.6118894e-05,1,gene simmons
OTHER,number,COMMON,3.6061967e-05,1,number
OTHER,effect,COMMON,3.591897e-05,1,effect
OTHER,opportunity,COMMON,3.5888457e-05,1,opportunity
OTHER,change,COMMON,3.5878813e-05,1,change
OTHER,things,COMMON,3.583136e-05,1,things
OTHER,charter,COMMON,3.5554553e-05,1,charter
OTHER,ally,COMMON,3.5441357e-05,1,ally
OTHER,research university,COMMON,3.5349527e-05,1,research university
OTHER,viewpoints,COMMON,3.53205e-05,1,viewpoints
OTHER,check,COMMON,3.5273395e-05,1,check
OTHER,sir,COMMON,3.525636e-05,1,sir
CONSUMER_GOOD,bottle,COMMON,3.5239973e-05,1,bottle
OTHER,relevance,COMMON,3.5239973e-05,1,relevance
OTHER,problem,COMMON,3.516638e-05,1,problem
OTHER,research,COMMON,3.428683e-05,1,research
OTHER,participation,COMMON,3.4272518e-05,1,participation
EVENT,interview,COMMON,3.425868e-05,1,interview
LOCATION,iran,PROPER,3.4004926e-05,2,"iran, iran"
OTHER,headway,COMMON,3.384914e-05,1,headway
OTHER,threats,COMMON,3.340553e-05,1,threats
OTHER,exports,COMMON,3.340553e-05,1,exports
OTHER,direction,COMMON,3.340553e-05,1,direction
OTHER,pressures,COMMON,3.340553e-05,1,pressures
PERSON,nobody,COMMON,3.340553e-05,1,nobody
OTHER,reward,COMMON,3.3388736e-05,1,reward
OTHER,inquiry,COMMON,3.3388736e-05,1,inquiry
LOCATION,country,COMMON,3.3388736e-05,1,country
OTHER,inquiry,COMMON,3.337261e-05,1,inquiry
CONSUMER_GOOD,guns,COMMON,3.337261e-05,1,guns
OTHER,reflections,COMMON,3.337261e-05,1,reflections
OTHER,direction,COMMON,3.33571e-05,1,direction
OTHER,service learning,COMMON,3.3326043e-05,1,service learning
OTHER,leadership,COMMON,3.3163546e-05,1,leadership
OTHER,life,COMMON,3.3135373e-05,1,life
OTHER,joint,COMMON,3.3092132e-05,1,joint
OTHER,education,COMMON,3.305632e-05,1,education
OTHER,education,COMMON,3.305632e-05,1,education
OTHER,light,COMMON,3.2914857e-05,1,light
OTHER,half,COMMON,3.285444e-05,1,half
OTHER,more,COMMON,3.2661115e-05,1,more
OTHER,student success,COMMON,3.2403535e-05,1,student success
OTHER,argument,COMMON,3.1895874e-05,1,argument
OTHER,success,COMMON,3.1596028e-05,1,success
OTHER,success,COMMON,3.1596028e-05,1,success
ORGANIZATION,institution,COMMON,3.1530075e-05,1,institution
OTHER,resource,COMMON,3.0699604e-05,1,resource
OTHER,ways,COMMON,3.0585736e-05,1,ways
OTHER,reason,COMMON,3.0585736e-05,1,reason
OTHER,progress,COMMON,3.0560623e-05,1,progress
OTHER,part techniques,COMMON,3.0560623e-05,1,part techniques
OTHER,experience,COMMON,3.0560623e-05,1,experience
OTHER,sum total,COMMON,3.052966e-05,1,sum total
OTHER,learning,COMMON,2.9854356e-05,1,learning
OTHER,preparation problem,COMMON,2.9647152e-05,1,preparation problem
OTHER,more,COMMON,2.9647152e-05,1,more
OTHER,beliefs,COMMON,2.9647152e-05,1,beliefs
OTHER,problem,COMMON,2.9596156e-05,1,problem
OTHER,problem,COMMON,2.9596156e-05,1,problem
OTHER,belief,COMMON,2.9580646e-05,1,belief
OTHER,haste,COMMON,2.933755e-05,1,haste
OTHER,ventures,COMMON,2.933755e-05,1,ventures
PERSON,man,COMMON,2.933755e-05,1,man
OTHER,say,COMMON,2.933755e-05,1,say
OTHER,horses,COMMON,2.933755e-05,1,horses
OTHER,mouth,COMMON,2.9322802e-05,1,mouth
OTHER,pat,COMMON,2.9322802e-05,1,pat
OTHER,spirituality,COMMON,2.9322802e-05,1,spirituality
OTHER,findings,COMMON,2.930864e-05,1,findings
PERSON,holzer,COMMON,2.930864e-05,1,holzer
OTHER,grids,COMMON,2.930864e-05,1,grids
EVENT,recession,COMMON,2.930864e-05,1,recession
OTHER,reforms,COMMON,2.930864e-05,1,reforms
OTHER,worship,COMMON,2.930864e-05,1,worship
OTHER,teaching methods,COMMON,2.9295019e-05,1,teaching methods
OTHER,scots,COMMON,2.9295019e-05,1,scots
OTHER,bones,COMMON,2.9295019e-05,1,bones
LOCATION,valley,COMMON,2.9295019e-05,1,valley
PERSON,joe,COMMON,2.9295019e-05,1,joe
OTHER,pages,COMMON,2.9295019e-05,1,pages
OTHER,nod,COMMON,2.9295019e-05,1,nod
CONSUMER_GOOD,spoons,COMMON,2.9281899e-05,1,spoons
OTHER,hand,COMMON,2.9193508e-05,1,hand
OTHER,morning development,COMMON,2.9125034e-05,1,morning development
OTHER,process,COMMON,2.9112447e-05,1,process
OTHER,reporting,COMMON,2.9112447e-05,1,reporting
EVENT,reporting,COMMON,2.9088542e-05,1,reporting
OTHER,wherewithal,COMMON,2.8978398e-05,1,wherewithal
OTHER,revisions,COMMON,2.8944169e-05,1,revisions
ORGANIZATION,institution,COMMON,2.8925358e-05,1,institution
OTHER,other,COMMON,2.890798e-05,1,other
ORGANIZATION,institutions,COMMON,2.889142e-05,1,institutions
OTHER,instant,COMMON,2.889142e-05,1,instant
OTHER,other,COMMON,2.8875605e-05,1,other
PERSON,each other,COMMON,2.8860472e-05,1,each other
PERSON,people,COMMON,2.8766588e-05,1,people
OTHER,prom,COMMON,2.8048751e-05,1,prom
PERSON,warriors,COMMON,2.7869575e-05,1,warriors
OTHER,college,COMMON,2.7748394e-05,1,college
OTHER,system,COMMON,2.7732498e-05,1,system
OTHER,lives,COMMON,2.7565447e-05,1,lives
LOCATION,world,COMMON,2.747312e-05,1,world
OTHER,question,COMMON,2.747312e-05,1,question
OTHER,sort,COMMON,2.7461247e-05,1,sort
OTHER,characters,COMMON,2.7449782e-05,1,characters
OTHER,conception,COMMON,2.733805e-05,1,conception
OTHER,course content,COMMON,2.7210459e-05,1,course content
OTHER,protection,COMMON,2.7125063e-05,1,protection
OTHER,program community,COMMON,2.693038e-05,1,program community
OTHER,community,COMMON,2.6898782e-05,1,community
PERSON,community,COMMON,2.6884058e-05,1,community
PERSON,community,COMMON,2.6869968e-05,1,community
LOCATION,state,COMMON,2.6491603e-05,1,state
LOCATION,state,COMMON,2.6491603e-05,1,state
OTHER,admissions policy,COMMON,2.6475687e-05,1,admissions policy
OTHER,statistics,COMMON,2.6446036e-05,1,statistics
CONSUMER_GOOD,roll,COMMON,2.619788e-05,1,roll
OTHER,challenge,COMMON,2.6176367e-05,1,challenge
OTHER,approach,COMMON,2.6168376e-05,1,approach
OTHER,one,COMMON,2.6036836e-05,1,one
OTHER,excellence,COMMON,2.6036836e-05,1,excellence
OTHER,excellence,COMMON,2.6021193e-05,1,excellence
OTHER,one,COMMON,2.6021193e-05,1,one
OTHER,terms,COMMON,2.6006286e-05,1,terms
OTHER,excellence,COMMON,2.5978428e-05,1,excellence
OTHER,warning,COMMON,2.5578298e-05,1,warning
WORK_OF_ART,review,COMMON,2.555657e-05,1,review
OTHER,notion,COMMON,2.555657e-05,1,notion
OTHER,equity,COMMON,2.554625e-05,1,equity
OTHER,resources,COMMON,2.5520581e-05,1,resources
OTHER,problem,COMMON,2.5260366e-05,1,problem
PERSON,professor,COMMON,2.5254247e-05,1,professor
OTHER,net,COMMON,2.5226725e-05,1,net
OTHER,community service,COMMON,2.507299e-05,1,community service
OTHER,service,COMMON,2.507299e-05,1,service
OTHER,fact,COMMON,2.5056077e-05,1,fact
OTHER,english,PROPER,2.5039308e-05,1,english
PERSON,constance investor warren,COMMON,2.4924597e-05,1,constance investor warren
OTHER,kinds,COMMON,2.400892e-05,1,kinds
OTHER,kind,COMMON,2.3995166e-05,1,kind
OTHER,kind,COMMON,2.3982031e-05,1,kind
OTHER,lot,COMMON,2.3587147e-05,1,lot
OTHER,example,COMMON,2.3445804e-05,1,example
OTHER,way,COMMON,2.3419545e-05,1,way
OTHER,example,COMMON,2.3419545e-05,1,example
PERSON,patients,COMMON,2.3402681e-05,1,patients
OTHER,tenure,COMMON,2.3326993e-05,1,tenure
OTHER,connection,COMMON,2.3316912e-05,1,connection
OTHER,tenure,COMMON,2.3316912e-05,1,tenure
OTHER,behavior,COMMON,2.3316912e-05,1,behavior
EVENT,attack,COMMON,2.3316912e-05,1,attack
OTHER,back,COMMON,2.3307177e-05,1,back
PERSON,couple,COMMON,2.3297765e-05,1,couple
OTHER,progress paradox,COMMON,2.3288656e-05,1,progress paradox
OTHER,resistance,COMMON,2.3288656e-05,1,resistance
OTHER,resistance,COMMON,2.3288656e-05,1,resistance
PERSON,orphans,COMMON,2.3206776e-05,1,orphans
LOCATION,merritt,PROPER,2.307234e-05,1,merritt
OTHER,work,COMMON,2.2866157e-05,1,work
OTHER,service learning opportunities,COMMON,2.2826827e-05,1,service learning opportunities
OTHER,systems approach,COMMON,2.2826827e-05,1,systems approach
OTHER,forms,COMMON,2.2759343e-05,1,forms
OTHER,tools,COMMON,2.2730826e-05,1,tools
ORGANIZATION,universities,COMMON,2.2237758e-05,1,universities
LOCATION,grounds,COMMON,2.2224398e-05,1,grounds
OTHER,talent,COMMON,2.2017442e-05,1,talent
ORGANIZATION,group,COMMON,2.1939748e-05,1,group
PERSON,group,COMMON,2.1939748e-05,1,group
OTHER,notes,COMMON,2.1769183e-05,1,notes
ORGANIZATION,government,COMMON,2.1569225e-05,1,government
OTHER,interests,COMMON,2.1543918e-05,1,interests
OTHER,interest,COMMON,2.1543918e-05,1,interest
OTHER,democracy,COMMON,2.100815e-05,1,democracy
OTHER,systems discussions,COMMON,2.084103e-05,1,systems discussions
OTHER,competition,COMMON,2.084103e-05,1,competition
OTHER,medicine,COMMON,2.084103e-05,1,medicine
OTHER,medicine,COMMON,2.0829091e-05,1,medicine
OTHER,medicine,COMMON,2.0829091e-05,1,medicine
PERSON,cell leader,COMMON,2.081769e-05,1,cell leader
ORGANIZATION,schools,COMMON,2.081769e-05,1,schools
OTHER,competitiveness,COMMON,2.0806778e-05,1,competitiveness
PERSON,militias,COMMON,2.077472e-05,1,militias
OTHER,something,COMMON,2.0747775e-05,1,something
OTHER,number,COMMON,2.0692489e-05,1,number
OTHER,tension,COMMON,2.0530757e-05,1,tension
PERSON,beech maple,COMMON,2.04863e-05,1,beech maple
OTHER,amusement,COMMON,2.04863e-05,1,amusement
EVENT,playoff,COMMON,2.04863e-05,1,playoff
OTHER,terrorism,COMMON,2.0477448e-05,1,terrorism
OTHER,bean,COMMON,2.0477448e-05,1,bean
OTHER,votes,COMMON,2.0477448e-05,1,votes
WORK_OF_ART,papers,COMMON,2.0468899e-05,1,papers
OTHER,top,COMMON,2.0468899e-05,1,top
PERSON,cardell,COMMON,2.0468899e-05,1,cardell
LOCATION,stores,COMMON,2.0468899e-05,1,stores
OTHER,cult,COMMON,2.0468899e-05,1,cult
PERSON,victims,COMMON,2.0468899e-05,1,victims
OTHER,reality,COMMON,2.0468899e-05,1,reality
OTHER,vowels,COMMON,2.0468899e-05,1,vowels
OTHER,preconceptions,COMMON,2.0460633e-05,1,preconceptions
OTHER,property,COMMON,2.0460633e-05,1,property
OTHER,wire rims,COMMON,2.0460633e-05,1,wire rims
WORK_OF_ART,piece,COMMON,2.0452633e-05,1,piece
OTHER,pain,COMMON,2.0452633e-05,1,pain
OTHER,research,COMMON,2.0235388e-05,1,research
OTHER,money,COMMON,2.022375e-05,1,money
OTHER,purposes,COMMON,2.006952e-05,1,purposes
OTHER,protection argument,COMMON,2.006952e-05,1,protection argument
OTHER,arguments,COMMON,2.006952e-05,1,arguments
OTHER,curriculum,COMMON,2.0047042e-05,1,curriculum
OTHER,resources admissions,COMMON,1.9965213e-05,1,resources admissions
OTHER,harp,COMMON,1.9743082e-05,1,harp
OTHER,case,COMMON,1.9240899e-05,1,case
OTHER,case,COMMON,1.922934e-05,1,case
OTHER,case,COMMON,1.922934e-05,1,case
OTHER,numbers,COMMON,1.922934e-05,1,numbers
OTHER,case,COMMON,1.9218323e-05,1,case
OTHER,mentoring tutoring program,COMMON,1.9207802e-05,1,mentoring tutoring program
CONSUMER_GOOD,car,COMMON,1.8871948e-05,1,car
PERSON,mckinnon,COMMON,1.8822304e-05,1,mckinnon
OTHER,memory,COMMON,1.8800753e-05,1,memory
OTHER,protection argument,COMMON,1.8639734e-05,1,protection argument
OTHER,difference,COMMON,1.8451425e-05,1,difference
PERSON,under,COMMON,1.8314067e-05,1,under
OTHER,score,COMMON,1.8303064e-05,1,score
PERSON,patients,COMMON,1.829258e-05,1,patients
PERSON,under,COMMON,1.8282566e-05,1,under
OTHER,preparation,COMMON,1.8282566e-05,1,preparation
OTHER,sense,COMMON,1.8083854e-05,1,sense
OTHER,sense,COMMON,1.8083854e-05,1,sense
OTHER,freedom,COMMON,1.8002416e-05,1,freedom
PERSON,germans,COMMON,1.765631e-05,1,germans
LOCATION,bend region,COMMON,1.7532191e-05,1,bend region
LOCATION,pittsburgh,PROPER,1.7313081e-05,1,pittsburgh
OTHER,peer tutoring,COMMON,1.72456e-05,1,peer tutoring
OTHER,basis,COMMON,1.72456e-05,1,basis
OTHER,quest,COMMON,1.7236562e-05,1,quest
OTHER,individualism,COMMON,1.7236562e-05,1,individualism
OTHER,job security,COMMON,1.6608617e-05,1,job security
OTHER,lot,COMMON,1.648272e-05,1,lot
OTHER,credit,COMMON,1.6083823e-05,1,credit
OTHER,warning,COMMON,1.6083823e-05,1,warning
LOCATION,region,COMMON,1.6083823e-05,1,region
OTHER,diversity,COMMON,1.6083823e-05,1,diversity
OTHER,multiculturalism,COMMON,1.6083823e-05,1,multiculturalism
ORGANIZATION,businesses,COMMON,1.6074158e-05,1,businesses
CONSUMER_GOOD,model,COMMON,1.6074158e-05,1,model
OTHER,projection,COMMON,1.6074158e-05,1,projection
OTHER,projections,COMMON,1.6074158e-05,1,projections
OTHER,barricades,COMMON,1.606495e-05,1,barricades
PERSON,fashion everyone,COMMON,1.6056158e-05,1,fashion everyone
OTHER,course material,COMMON,1.6056158e-05,1,course material
OTHER,tension,COMMON,1.6047741e-05,1,tension
PERSON,airport authorities,COMMON,1.5581667e-05,1,airport authorities
OTHER,use,COMMON,1.4924991e-05,1,use
OTHER,attention,COMMON,1.4668169e-05,1,attention
OTHER,mindset,COMMON,1.4668169e-05,1,mindset
OTHER,count,COMMON,1.4659357e-05,1,count
LOCATION,well,COMMON,1.4650958e-05,1,well
LOCATION,clinics,COMMON,1.4650958e-05,1,clinics
LOCATION,hospitals,COMMON,1.4650958e-05,1,hospitals
EVENT,clinics,COMMON,1.4650958e-05,1,clinics
LOCATION,hospitals,COMMON,1.4650958e-05,1,hospitals
LOCATION,paris,COMMON,1.4642938e-05,1,paris
OTHER,structure,COMMON,1.4642938e-05,1,structure
PERSON,couple,COMMON,1.4642938e-05,1,couple
OTHER,mind,COMMON,1.4642938e-05,1,mind
OTHER,parallel,COMMON,1.3783738e-05,1,parallel
OTHER,necessity,COMMON,1.2881906e-05,1,necessity
OTHER,snowden,COMMON,1.2881906e-05,1,snowden
PERSON,fans,COMMON,1.2874166e-05,1,fans
OTHER,performance,COMMON,1.2874166e-05,1,performance
PERSON,rove,COMMON,1.2874166e-05,1,rove
OTHER,analog,COMMON,1.2874166e-05,1,analog
OTHER,gp,COMMON,1.2874166e-05,1,gp
OTHER,inception,COMMON,1.2874166e-05,1,inception
OTHER,nutshell,COMMON,1.2874166e-05,1,nutshell
OTHER,calls,COMMON,1.2866791e-05,1,calls
PERSON,families,COMMON,1.2866791e-05,1,families
OTHER,love,COMMON,1.2866791e-05,1,love
OTHER,knowledge,COMMON,1.2866791e-05,1,knowledge
OTHER,safire,COMMON,1.2866791e-05,1,safire
OTHER,plans,COMMON,1.2866791e-05,1,plans
LOCATION,apartment,COMMON,1.2866791e-05,1,apartment
PERSON,staff,COMMON,1.2866791e-05,1,staff
OTHER,illnesses,COMMON,1.2866791e-05,1,illnesses
WORK_OF_ART,folklore,COMMON,1.2866791e-05,1,folklore
OTHER,web,COMMON,1.2866791e-05,1,web
OTHER,depth,COMMON,1.2859748e-05,1,depth
OTHER,bonds,COMMON,1.2859748e-05,1,bonds
EVENT,meetings,COMMON,1.2859748e-05,1,meetings
OTHER,variety,COMMON,1.2859748e-05,1,variety
LOCATION,nation,COMMON,1.2859748e-05,1,nation
OTHER,treatment,COMMON,1.2859748e-05,1,treatment
OTHER,pecking order,COMMON,1.2853007e-05,1,pecking order
OTHER,stage,COMMON,1.2853007e-05,1,stage
EVENT,level fire,COMMON,1.2853007e-05,1,level fire
LOCATION,lawrence,PROPER,1.2096297e-05,1,lawrence
PERSON,bruce dusenberry,PROPER,1.2096297e-05,1,bruce dusenberry
OTHER,interest rates,COMMON,1.1593748e-05,1,interest rates
LOCATION,tripoli,PROPER,7.6049078e-06,1,tripoli
LOCATION,brooklyn,PROPER,7.596391e-06,1,brooklyn
NUMBER,one,COMMON,0,1,one
NUMBER,one,COMMON,0,1,one
NUMBER,two,COMMON,0,1,two
NUMBER,one,COMMON,0,1,one
NUMBER,two,COMMON,0,1,two
NUMBER,five,COMMON,0,1,five
NUMBER,eighty four,COMMON,0,1,eighty four
NUMBER,two,COMMON,0,1,two
NUMBER,five,COMMON,0,1,five
NUMBER,one,COMMON,0,1,one
NUMBER,one,COMMON,0,1,one
NUMBER,ten,COMMON,0,1,ten
NUMBER,one,COMMON,0,1,one
NUMBER,six,COMMON,0,1,six
NUMBER,two,COMMON,0,1,two
NUMBER,one,COMMON,0,1,one
NUMBER,one,COMMON,0,1,one
NUMBER,one,COMMON,0,1,one
NUMBER,nineteen,COMMON,0,1,nineteen
NUMBER,one,COMMON,0,1,one
NUMBER,three thousand,COMMON,0,1,three thousand
NUMBER,one,COMMON,0,1,one
NUMBER,one,COMMON,0,1,one
NUMBER,one,COMMON,0,1,one
NUMBER,one,COMMON,0,1,one
NUMBER,one,COMMON,0,1,one
NUMBER,eight,COMMON,0,1,eight
NUMBER,two,COMMON,0,1,two
NUMBER,one,COMMON,0,1,one
NUMBER,eighty eight,COMMON,0,1,eighty eight
NUMBER,one,COMMON,0,1,one
NUMBER,one,COMMON,0,1,one
NUMBER,one,COMMON,0,1,one
NUMBER,one,COMMON,0,1,one
NUMBER,one,COMMON,0,1,one
NUMBER,six,COMMON,0,1,six
NUMBER,one,COMMON,0,1,one
